college_course_id,college_id,course_id,eligible_caste,min_cutoff,annual_fees,total_seats
1,CLG_1001,CRS_2079,OC,153.67,57600,30
2,CLG_1001,CRS_2079,BC,143,55700,30
3,CLG_1001,CRS_2079,MBC,136.26,44700,30
4,CLG_1001,CRS_2079,SC/ST,124.44,38300,30
5,CLG_1001,CRS_2016,OC,179.25,189600,120
6,CLG_1001,CRS_2016,BC,174.87,186300,120
7,CLG_1001,CRS_2016,MBC,166.6,183100,120
8,CLG_1001,CRS_2016,SC/ST,147.67,163000,120
9,CLG_1001,CRS_2177,OC,168.77,162400,30
10,CLG_1001,CRS_2177,BC,163.88,161600,30
11,CLG_1001,CRS_2177,MBC,153.76,151800,30
12,CLG_1001,CRS_2177,SC/ST,132.05,143800,30
13,CLG_1001,CRS_2125,OC,157.17,89800,120
14,CLG_1001,CRS_2125,BC,152.09,86000,120
15,CLG_1001,CRS_2125,MBC,144.94,83600,120
16,CLG_1001,CRS_2125,SC/ST,129.54,71600,120
17,CLG_1001,CRS_2157,OC,154.06,181700,30
18,CLG_1001,CRS_2157,BC,146.82,179700,30
19,CLG_1001,CRS_2157,MBC,136.44,168700,30
20,CLG_1001,CRS_2157,SC/ST,120.06,153500,30
21,CLG_1001,CRS_2118,OC,185.63,83100,120
22,CLG_1001,CRS_2118,BC,182.52,79400,120
23,CLG_1001,CRS_2118,MBC,174.18,69000,120
24,CLG_1001,CRS_2118,SC/ST,155.68,52200,120
25,CLG_1001,CRS_2060,OC,158.75,117700,60
26,CLG_1001,CRS_2060,BC,149.8,113300,60
27,CLG_1001,CRS_2060,MBC,141.66,107600,60
28,CLG_1001,CRS_2060,SC/ST,131.11,87100,60
29,CLG_1002,CRS_2172,OC,168.03,179200,60
30,CLG_1002,CRS_2172,BC,165.12,177700,60
31,CLG_1002,CRS_2172,MBC,157.29,173100,60
32,CLG_1002,CRS_2172,SC/ST,137.5,156500,60
33,CLG_1002,CRS_2100,OC,167.22,189300,60
34,CLG_1002,CRS_2100,BC,158.36,188600,60
35,CLG_1002,CRS_2100,MBC,151.07,174700,60
36,CLG_1002,CRS_2100,SC/ST,134.69,163900,60
37,CLG_1002,CRS_2038,OC,188.73,93500,90
38,CLG_1002,CRS_2038,BC,184,91000,90
39,CLG_1002,CRS_2038,MBC,174.78,87300,90
40,CLG_1002,CRS_2038,SC/ST,166.92,75200,90
41,CLG_1002,CRS_2107,OC,149.22,95800,90
42,CLG_1002,CRS_2107,BC,145.01,95300,90
43,CLG_1002,CRS_2107,MBC,133.9,84800,90
44,CLG_1002,CRS_2107,SC/ST,124.02,66500,90
45,CLG_1002,CRS_2119,OC,187.19,119300,30
46,CLG_1002,CRS_2119,BC,180.24,118400,30
47,CLG_1002,CRS_2119,MBC,167.82,112100,30
48,CLG_1002,CRS_2119,SC/ST,158.55,100700,30
49,CLG_1002,CRS_2012,OC,180.38,80700,90
50,CLG_1002,CRS_2012,BC,174.44,77900,90
51,CLG_1002,CRS_2012,MBC,167.39,71400,90
52,CLG_1002,CRS_2012,SC/ST,150.83,57500,90
53,CLG_1002,CRS_2056,OC,190.18,53300,30
54,CLG_1002,CRS_2056,BC,184.8,52900,30
55,CLG_1002,CRS_2056,MBC,175.72,46100,30
56,CLG_1002,CRS_2056,SC/ST,156.18,29700,30
57,CLG_1003,CRS_2037,OC,156.2,155800,120
58,CLG_1003,CRS_2037,BC,147.82,154600,120
59,CLG_1003,CRS_2037,MBC,139.54,144700,120
60,CLG_1003,CRS_2037,SC/ST,123.53,135900,120
61,CLG_1003,CRS_2046,OC,166.89,50900,90
62,CLG_1003,CRS_2046,BC,163.91,50600,90
63,CLG_1003,CRS_2046,MBC,149.85,42500,90
64,CLG_1003,CRS_2046,SC/ST,134.11,32500,90
65,CLG_1003,CRS_2166,OC,167.73,186700,120
66,CLG_1003,CRS_2166,BC,159.59,184800,120
67,CLG_1003,CRS_2166,MBC,146.59,178800,120
68,CLG_1003,CRS_2166,SC/ST,127.69,170900,120
69,CLG_1003,CRS_2208,OC,158.69,127000,120
70,CLG_1003,CRS_2208,BC,152.31,125000,120
71,CLG_1003,CRS_2208,MBC,141.74,120300,120
72,CLG_1003,CRS_2208,SC/ST,127.33,110800,120
73,CLG_1003,CRS_2195,OC,189.35,98300,60
74,CLG_1003,CRS_2195,BC,180.89,95800,60
75,CLG_1003,CRS_2195,MBC,169.53,89500,60
76,CLG_1003,CRS_2195,SC/ST,160.29,76900,60
77,CLG_1003,CRS_2068,OC,169.7,113000,30
78,CLG_1003,CRS_2068,BC,159.3,108800,30
79,CLG_1003,CRS_2068,MBC,150.93,99200,30
80,CLG_1003,CRS_2068,SC/ST,137.96,97100,30
81,CLG_1003,CRS_2024,OC,154.25,108400,60
82,CLG_1003,CRS_2024,BC,150.01,108100,60
83,CLG_1003,CRS_2024,MBC,139.65,96300,60
84,CLG_1003,CRS_2024,SC/ST,125.01,83100,60
85,CLG_1004,CRS_2135,OC,167.33,174000,30
86,CLG_1004,CRS_2135,BC,162.46,171900,30
87,CLG_1004,CRS_2135,MBC,154.42,161900,30
88,CLG_1004,CRS_2135,SC/ST,144.61,152600,30
89,CLG_1004,CRS_2202,OC,165.75,58300,90
90,CLG_1004,CRS_2202,BC,159.64,57300,90
91,CLG_1004,CRS_2202,MBC,147.79,48400,90
92,CLG_1004,CRS_2202,SC/ST,133.78,29900,90
93,CLG_1004,CRS_2165,OC,161.02,117500,60
94,CLG_1004,CRS_2165,BC,157.94,114300,60
95,CLG_1004,CRS_2165,MBC,146.29,109600,60
96,CLG_1004,CRS_2165,SC/ST,130.45,92600,60
97,CLG_1004,CRS_2147,OC,165.28,40100,90
98,CLG_1004,CRS_2147,BC,160.38,35300,90
99,CLG_1004,CRS_2147,MBC,150.24,29800,90
100,CLG_1004,CRS_2147,SC/ST,136.3,20000,90
101,CLG_1004,CRS_2214,OC,180.96,174000,120
102,CLG_1004,CRS_2214,BC,175.11,172600,120
103,CLG_1004,CRS_2214,MBC,162.11,164300,120
104,CLG_1004,CRS_2214,SC/ST,147.67,148000,120
105,CLG_1004,CRS_2197,OC,150.77,101500,90
106,CLG_1004,CRS_2197,BC,145.18,101300,90
107,CLG_1004,CRS_2197,MBC,138.97,88700,90
108,CLG_1004,CRS_2197,SC/ST,120.03,84100,90
109,CLG_1004,CRS_2008,OC,170.52,190900,60
110,CLG_1004,CRS_2008,BC,162.38,187600,60
111,CLG_1004,CRS_2008,MBC,154.27,185800,60
112,CLG_1004,CRS_2008,SC/ST,132.1,172400,60
113,CLG_1005,CRS_2178,OC,185.66,97300,60
114,CLG_1005,CRS_2178,BC,178.44,93500,60
115,CLG_1005,CRS_2178,MBC,169.78,88200,60
116,CLG_1005,CRS_2178,SC/ST,146.27,78300,60
117,CLG_1005,CRS_2074,OC,172.19,161800,90
118,CLG_1005,CRS_2074,BC,164.91,157600,90
119,CLG_1005,CRS_2074,MBC,153.41,147800,90
120,CLG_1005,CRS_2074,SC/ST,138.85,141500,90
121,CLG_1005,CRS_2122,OC,180.28,164400,120
122,CLG_1005,CRS_2122,BC,174.68,162100,120
123,CLG_1005,CRS_2122,MBC,164.64,150800,120
124,CLG_1005,CRS_2122,SC/ST,151.2,141500,120
125,CLG_1005,CRS_2096,OC,159,60300,90
126,CLG_1005,CRS_2096,BC,154,55800,90
127,CLG_1005,CRS_2096,MBC,146.95,52800,90
128,CLG_1005,CRS_2096,SC/ST,133.89,40300,90
129,CLG_1005,CRS_2137,OC,179.64,56800,120
130,CLG_1005,CRS_2137,BC,174.45,53400,120
131,CLG_1005,CRS_2137,MBC,166.48,44900,120
132,CLG_1005,CRS_2137,SC/ST,150.95,41100,120
133,CLG_1005,CRS_2089,OC,186.89,190900,120
134,CLG_1005,CRS_2089,BC,183.17,188400,120
135,CLG_1005,CRS_2089,MBC,169.79,179000,120
136,CLG_1005,CRS_2089,SC/ST,155.48,168600,120
137,CLG_1005,CRS_2009,OC,170.37,111500,120
138,CLG_1005,CRS_2009,BC,163.88,108200,120
139,CLG_1005,CRS_2009,MBC,153.35,98800,120
140,CLG_1005,CRS_2009,SC/ST,133.18,95600,120
141,CLG_1006,CRS_2078,OC,186.4,195100,30
142,CLG_1006,CRS_2078,BC,182.91,191300,30
143,CLG_1006,CRS_2078,MBC,174.9,185800,30
144,CLG_1006,CRS_2078,SC/ST,160.13,173200,30
145,CLG_1006,CRS_2105,OC,167.41,128400,120
146,CLG_1006,CRS_2105,BC,165.12,125000,120
147,CLG_1006,CRS_2105,MBC,154.2,122100,120
148,CLG_1006,CRS_2105,SC/ST,138.41,111700,120
149,CLG_1006,CRS_2102,OC,194.55,131700,60
150,CLG_1006,CRS_2102,BC,188.82,131400,60
151,CLG_1006,CRS_2102,MBC,176.22,122600,60
152,CLG_1006,CRS_2102,SC/ST,167.01,116000,60
153,CLG_1006,CRS_2219,OC,176.28,102500,60
154,CLG_1006,CRS_2219,BC,168.52,100700,60
155,CLG_1006,CRS_2219,MBC,160.63,93300,60
156,CLG_1006,CRS_2219,SC/ST,141.46,82000,60
157,CLG_1006,CRS_2044,OC,179.02,70000,60
158,CLG_1006,CRS_2044,BC,167.79,69800,60
159,CLG_1006,CRS_2044,MBC,157.62,55500,60
160,CLG_1006,CRS_2044,SC/ST,142.1,42700,60
161,CLG_1006,CRS_2092,OC,166.99,91900,30
162,CLG_1006,CRS_2092,BC,161.92,90000,30
163,CLG_1006,CRS_2092,MBC,152.34,82000,30
164,CLG_1006,CRS_2092,SC/ST,130.1,73000,30
165,CLG_1006,CRS_2109,OC,183.26,188300,30
166,CLG_1006,CRS_2109,BC,177.93,185300,30
167,CLG_1006,CRS_2109,MBC,170.49,177700,30
168,CLG_1006,CRS_2109,SC/ST,160.64,159500,30
169,CLG_1007,CRS_2045,OC,188.73,67600,120
170,CLG_1007,CRS_2045,BC,180.12,63900,120
171,CLG_1007,CRS_2045,MBC,168.47,55500,120
172,CLG_1007,CRS_2045,SC/ST,159.36,43800,120
173,CLG_1007,CRS_2116,OC,175.97,181000,120
174,CLG_1007,CRS_2116,BC,171.76,176200,120
175,CLG_1007,CRS_2116,MBC,161.37,172000,120
176,CLG_1007,CRS_2116,SC/ST,140.26,163200,120
177,CLG_1007,CRS_2191,OC,162.81,158100,60
178,CLG_1007,CRS_2191,BC,155.34,155000,60
179,CLG_1007,CRS_2191,MBC,145.87,145000,60
180,CLG_1007,CRS_2191,SC/ST,124.79,137200,60
181,CLG_1007,CRS_2169,OC,169.32,133000,90
182,CLG_1007,CRS_2169,BC,166.25,130700,90
183,CLG_1007,CRS_2169,MBC,154.16,119500,90
184,CLG_1007,CRS_2169,SC/ST,132.72,115200,90
185,CLG_1007,CRS_2019,OC,159.75,146500,120
186,CLG_1007,CRS_2019,BC,152.04,142600,120
187,CLG_1007,CRS_2019,MBC,142.63,133500,120
188,CLG_1007,CRS_2019,SC/ST,129.14,130900,120
189,CLG_1007,CRS_2025,OC,154.03,98000,120
190,CLG_1007,CRS_2025,BC,145.69,93300,120
191,CLG_1007,CRS_2025,MBC,137.34,84000,120
192,CLG_1007,CRS_2025,SC/ST,121.22,69100,120
193,CLG_1007,CRS_2152,OC,192.31,184200,90
194,CLG_1007,CRS_2152,BC,187.07,181700,90
195,CLG_1007,CRS_2152,MBC,178.59,177300,90
196,CLG_1007,CRS_2152,SC/ST,159.03,158900,90
197,CLG_1008,CRS_2030,OC,151.72,180400,60
198,CLG_1008,CRS_2030,BC,149,178200,60
199,CLG_1008,CRS_2030,MBC,136.76,166800,60
200,CLG_1008,CRS_2030,SC/ST,121.43,162100,60
201,CLG_1008,CRS_2061,OC,184.99,117600,60
202,CLG_1008,CRS_2061,BC,178.95,113200,60
203,CLG_1008,CRS_2061,MBC,171.84,111900,60
204,CLG_1008,CRS_2061,SC/ST,147.85,93000,60
205,CLG_1008,CRS_2193,OC,177.1,73100,120
206,CLG_1008,CRS_2193,BC,171.44,70700,120
207,CLG_1008,CRS_2193,MBC,164.04,60800,120
208,CLG_1008,CRS_2193,SC/ST,151.27,56400,120
209,CLG_1008,CRS_2034,OC,162.12,165200,30
210,CLG_1008,CRS_2034,BC,153.32,164600,30
211,CLG_1008,CRS_2034,MBC,143.48,159300,30
212,CLG_1008,CRS_2034,SC/ST,134.09,140200,30
213,CLG_1008,CRS_2069,OC,152.74,105000,30
214,CLG_1008,CRS_2069,BC,145.87,100100,30
215,CLG_1008,CRS_2069,MBC,134.88,96300,30
216,CLG_1008,CRS_2069,SC/ST,117.2,77500,30
217,CLG_1008,CRS_2098,OC,171.29,156000,90
218,CLG_1008,CRS_2098,BC,165.12,153500,90
219,CLG_1008,CRS_2098,MBC,152.43,150000,90
220,CLG_1008,CRS_2098,SC/ST,136.13,137800,90
221,CLG_1008,CRS_2023,OC,189.49,94400,60
222,CLG_1008,CRS_2023,BC,183.04,92500,60
223,CLG_1008,CRS_2023,MBC,176.77,88200,60
224,CLG_1008,CRS_2023,SC/ST,165.29,66000,60
225,CLG_1009,CRS_2141,OC,167.31,195600,120
226,CLG_1009,CRS_2141,BC,161.41,193300,120
227,CLG_1009,CRS_2141,MBC,151.76,183200,120
228,CLG_1009,CRS_2141,SC/ST,144.2,173000,120
229,CLG_1009,CRS_2161,OC,189.55,194600,60
230,CLG_1009,CRS_2161,BC,184.24,193300,60
231,CLG_1009,CRS_2161,MBC,172.03,187200,60
232,CLG_1009,CRS_2161,SC/ST,165.5,174100,60
233,CLG_1009,CRS_2215,OC,183.74,195900,90
234,CLG_1009,CRS_2215,BC,177.96,193400,90
235,CLG_1009,CRS_2215,MBC,167.17,186500,90
236,CLG_1009,CRS_2215,SC/ST,153.16,164800,90
237,CLG_1009,CRS_2139,OC,170.93,196700,30
238,CLG_1009,CRS_2139,BC,163.3,191800,30
239,CLG_1009,CRS_2139,MBC,153.45,190200,30
240,CLG_1009,CRS_2139,SC/ST,141.27,181000,30
241,CLG_1009,CRS_2054,OC,195.32,110600,30
242,CLG_1009,CRS_2054,BC,185.84,106300,30
243,CLG_1009,CRS_2054,MBC,176.72,101000,30
244,CLG_1009,CRS_2054,SC/ST,167.26,81300,30
245,CLG_1009,CRS_2201,OC,176.86,168900,30
246,CLG_1009,CRS_2201,BC,170.57,166200,30
247,CLG_1009,CRS_2201,MBC,160.21,161200,30
248,CLG_1009,CRS_2201,SC/ST,148.62,137600,30
249,CLG_1009,CRS_2140,OC,161.15,144900,30
250,CLG_1009,CRS_2140,BC,154.51,142300,30
251,CLG_1009,CRS_2140,MBC,147.39,133300,30
252,CLG_1009,CRS_2140,SC/ST,125,129900,30
253,CLG_1010,CRS_2022,OC,177.49,182200,120
254,CLG_1010,CRS_2022,BC,170.51,179200,120
255,CLG_1010,CRS_2022,MBC,161.48,169000,120
256,CLG_1010,CRS_2022,SC/ST,145.21,165500,120
257,CLG_1010,CRS_2101,OC,160.65,183900,60
258,CLG_1010,CRS_2101,BC,151.31,180000,60
259,CLG_1010,CRS_2101,MBC,143.55,168900,60
260,CLG_1010,CRS_2101,SC/ST,122.17,163700,60
261,CLG_1010,CRS_2033,OC,159.64,43500,120
262,CLG_1010,CRS_2033,BC,158.85,42600,120
263,CLG_1010,CRS_2033,MBC,146.68,36600,120
264,CLG_1010,CRS_2033,SC/ST,129.27,23500,120
265,CLG_1010,CRS_2128,OC,170.34,116500,90
266,CLG_1010,CRS_2128,BC,164.79,112600,90
267,CLG_1010,CRS_2128,MBC,156.21,102400,90
268,CLG_1010,CRS_2128,SC/ST,145.26,95200,90
269,CLG_1010,CRS_2091,OC,192.53,173200,60
270,CLG_1010,CRS_2091,BC,182.84,169800,60
271,CLG_1010,CRS_2091,MBC,174.78,159900,60
272,CLG_1010,CRS_2091,SC/ST,162.48,158100,60
273,CLG_1010,CRS_2210,OC,163.78,118200,120
274,CLG_1010,CRS_2210,BC,154.92,114200,120
275,CLG_1010,CRS_2210,MBC,146,104200,120
276,CLG_1010,CRS_2210,SC/ST,126.28,90900,120
277,CLG_1010,CRS_2216,OC,172.36,124300,60
278,CLG_1010,CRS_2216,BC,161.66,121200,60
279,CLG_1010,CRS_2216,MBC,154.32,112600,60
280,CLG_1010,CRS_2216,SC/ST,144.84,93800,60
281,CLG_1011,CRS_2103,OC,183.65,139900,120
282,CLG_1011,CRS_2103,BC,175.62,138600,120
283,CLG_1011,CRS_2103,MBC,164.26,134300,120
284,CLG_1011,CRS_2103,SC/ST,154.84,114000,120
285,CLG_1011,CRS_2163,OC,187.82,155400,30
286,CLG_1011,CRS_2163,BC,181.38,154200,30
287,CLG_1011,CRS_2163,MBC,172.09,147800,30
288,CLG_1011,CRS_2163,SC/ST,163.01,131700,30
289,CLG_1011,CRS_2168,OC,166.2,144100,30
290,CLG_1011,CRS_2168,BC,159.41,139800,30
291,CLG_1011,CRS_2168,MBC,148.34,134000,30
292,CLG_1011,CRS_2168,SC/ST,130.83,113200,30
293,CLG_1011,CRS_2083,OC,185.9,49400,30
294,CLG_1011,CRS_2083,BC,182.61,47000,30
295,CLG_1011,CRS_2083,MBC,169.27,42900,30
296,CLG_1011,CRS_2083,SC/ST,157.75,31100,30
297,CLG_1011,CRS_2095,OC,180.38,66300,120
298,CLG_1011,CRS_2095,BC,175.68,66100,120
299,CLG_1011,CRS_2095,MBC,168.99,60400,120
300,CLG_1011,CRS_2095,SC/ST,154.82,39000,120
301,CLG_1011,CRS_2087,OC,168.34,104000,120
302,CLG_1011,CRS_2087,BC,163.26,102600,120
303,CLG_1011,CRS_2087,MBC,153.51,89000,120
304,CLG_1011,CRS_2087,SC/ST,131.32,81100,120
305,CLG_1011,CRS_2174,OC,169.02,192800,60
306,CLG_1011,CRS_2174,BC,165.52,189100,60
307,CLG_1011,CRS_2174,MBC,156.12,187700,60
308,CLG_1011,CRS_2174,SC/ST,133.91,162600,60
309,CLG_1012,CRS_2067,OC,186.07,183200,60
310,CLG_1012,CRS_2067,BC,185.19,178400,60
311,CLG_1012,CRS_2067,MBC,174.06,171300,60
312,CLG_1012,CRS_2067,SC/ST,155.2,153300,60
313,CLG_1012,CRS_2011,OC,189.01,92200,120
314,CLG_1012,CRS_2011,BC,178.56,89000,120
315,CLG_1012,CRS_2011,MBC,170.18,77800,120
316,CLG_1012,CRS_2011,SC/ST,158.6,67500,120
317,CLG_1012,CRS_2150,OC,146.04,143700,90
318,CLG_1012,CRS_2150,BC,145.23,143300,90
319,CLG_1012,CRS_2150,MBC,131.43,130600,90
320,CLG_1012,CRS_2150,SC/ST,113.49,119300,90
321,CLG_1012,CRS_2194,OC,181.44,100300,90
322,CLG_1012,CRS_2194,BC,175.84,98200,90
323,CLG_1012,CRS_2194,MBC,166.52,93000,90
324,CLG_1012,CRS_2194,SC/ST,150.48,84000,90
325,CLG_1012,CRS_2042,OC,162.96,155500,30
326,CLG_1012,CRS_2042,BC,157.49,154800,30
327,CLG_1012,CRS_2042,MBC,144.35,145200,30
328,CLG_1012,CRS_2042,SC/ST,127.69,134800,30
329,CLG_1012,CRS_2200,OC,157.75,181400,90
330,CLG_1012,CRS_2200,BC,153.51,180000,90
331,CLG_1012,CRS_2200,MBC,142.75,168500,90
332,CLG_1012,CRS_2200,SC/ST,119.53,156700,90
333,CLG_1012,CRS_2027,OC,181.87,128700,30
334,CLG_1012,CRS_2027,BC,173.96,126900,30
335,CLG_1012,CRS_2027,MBC,164.29,117200,30
336,CLG_1012,CRS_2027,SC/ST,144.09,101800,30
337,CLG_1013,CRS_2048,OC,150.91,143400,30
338,CLG_1013,CRS_2048,BC,144.67,140400,30
339,CLG_1013,CRS_2048,MBC,135.7,134100,30
340,CLG_1013,CRS_2048,SC/ST,120.3,116200,30
341,CLG_1013,CRS_2209,OC,150.05,101200,120
342,CLG_1013,CRS_2209,BC,149.21,96600,120
343,CLG_1013,CRS_2209,MBC,138.24,86300,120
344,CLG_1013,CRS_2209,SC/ST,126.56,84200,120
345,CLG_1013,CRS_2110,OC,178.14,161700,90
346,CLG_1013,CRS_2110,BC,169.16,161300,90
347,CLG_1013,CRS_2110,MBC,158.86,151700,90
348,CLG_1013,CRS_2110,SC/ST,138.65,142800,90
349,CLG_1013,CRS_2064,OC,152.09,180900,60
350,CLG_1013,CRS_2064,BC,146.19,176400,60
351,CLG_1013,CRS_2064,MBC,137.28,173300,60
352,CLG_1013,CRS_2064,SC/ST,116.09,162600,60
353,CLG_1013,CRS_2094,OC,182.75,146900,90
354,CLG_1013,CRS_2094,BC,179.33,143300,90
355,CLG_1013,CRS_2094,MBC,170.29,138100,90
356,CLG_1013,CRS_2094,SC/ST,149.68,128700,90
357,CLG_1013,CRS_2040,OC,189.57,136200,90
358,CLG_1013,CRS_2040,BC,185.49,135200,90
359,CLG_1013,CRS_2040,MBC,174.4,123800,90
360,CLG_1013,CRS_2040,SC/ST,167.77,114300,90
361,CLG_1013,CRS_2189,OC,174.23,196500,30
362,CLG_1013,CRS_2189,BC,170.51,195500,30
363,CLG_1013,CRS_2189,MBC,159.94,188100,30
364,CLG_1013,CRS_2189,SC/ST,152.85,174700,30
365,CLG_1014,CRS_2132,OC,176.81,101000,90
366,CLG_1014,CRS_2132,BC,170.25,96100,90
367,CLG_1014,CRS_2132,MBC,161.37,93700,90
368,CLG_1014,CRS_2132,SC/ST,136.57,77800,90
369,CLG_1014,CRS_2010,OC,181.86,68800,30
370,CLG_1014,CRS_2010,BC,177.69,66800,30
371,CLG_1014,CRS_2010,MBC,167.99,63500,30
372,CLG_1014,CRS_2010,SC/ST,158.32,52000,30
373,CLG_1014,CRS_2049,OC,155.92,150300,30
374,CLG_1014,CRS_2049,BC,148.04,147300,30
375,CLG_1014,CRS_2049,MBC,138.14,143500,30
376,CLG_1014,CRS_2049,SC/ST,123.92,128000,30
377,CLG_1014,CRS_2198,OC,190.75,51300,90
378,CLG_1014,CRS_2198,BC,187.27,50800,90
379,CLG_1014,CRS_2198,MBC,172.55,39700,90
380,CLG_1014,CRS_2198,SC/ST,161.15,32800,90
381,CLG_1014,CRS_2117,OC,173.36,156200,30
382,CLG_1014,CRS_2117,BC,163.64,155000,30
383,CLG_1014,CRS_2117,MBC,156.73,146700,30
384,CLG_1014,CRS_2117,SC/ST,137.7,130600,30
385,CLG_1014,CRS_2185,OC,165.32,196600,90
386,CLG_1014,CRS_2185,BC,160.11,195700,90
387,CLG_1014,CRS_2185,MBC,148.18,189700,90
388,CLG_1014,CRS_2185,SC/ST,129.35,174500,90
389,CLG_1014,CRS_2036,OC,166.73,99800,120
390,CLG_1014,CRS_2036,BC,161.58,96400,120
391,CLG_1014,CRS_2036,MBC,150.71,89700,120
392,CLG_1014,CRS_2036,SC/ST,137.95,76500,120
393,CLG_1015,CRS_2086,OC,162.31,80000,120
394,CLG_1015,CRS_2086,BC,160.92,79200,120
395,CLG_1015,CRS_2086,MBC,149.68,68900,120
396,CLG_1015,CRS_2086,SC/ST,129.67,63000,120
397,CLG_1015,CRS_2013,OC,176.08,187200,90
398,CLG_1015,CRS_2013,BC,168.4,183700,90
399,CLG_1015,CRS_2013,MBC,157.05,181300,90
400,CLG_1015,CRS_2013,SC/ST,136.86,161900,90
401,CLG_1015,CRS_2156,OC,161.91,191400,60
402,CLG_1015,CRS_2156,BC,158.19,190600,60
403,CLG_1015,CRS_2156,MBC,149.07,177300,60
404,CLG_1015,CRS_2156,SC/ST,135.31,167300,60
405,CLG_1015,CRS_2120,OC,175.1,152400,30
406,CLG_1015,CRS_2120,BC,169.06,150200,30
407,CLG_1015,CRS_2120,MBC,160.69,143000,30
408,CLG_1015,CRS_2120,SC/ST,140.29,127300,30
409,CLG_1015,CRS_2182,OC,187.74,132000,30
410,CLG_1015,CRS_2182,BC,182.17,128700,30
411,CLG_1015,CRS_2182,MBC,176.12,126500,30
412,CLG_1015,CRS_2182,SC/ST,165.09,109900,30
413,CLG_1015,CRS_2088,OC,163.03,158900,90
414,CLG_1015,CRS_2088,BC,158.46,156200,90
415,CLG_1015,CRS_2088,MBC,148.04,144600,90
416,CLG_1015,CRS_2088,SC/ST,132.99,142100,90
417,CLG_1015,CRS_2058,OC,153.91,53000,30
418,CLG_1015,CRS_2058,BC,150.24,49000,30
419,CLG_1015,CRS_2058,MBC,138.97,41200,30
420,CLG_1015,CRS_2058,SC/ST,127.9,21200,30
421,CLG_1016,CRS_2014,OC,152.1,152600,30
422,CLG_1016,CRS_2014,BC,148.45,148700,30
423,CLG_1016,CRS_2014,MBC,137.49,142600,30
424,CLG_1016,CRS_2014,SC/ST,129.44,124700,30
425,CLG_1016,CRS_2039,OC,190.73,54300,30
426,CLG_1016,CRS_2039,BC,188.93,53200,30
427,CLG_1016,CRS_2039,MBC,175.48,44600,30
428,CLG_1016,CRS_2039,SC/ST,164.38,39100,30
429,CLG_1016,CRS_2121,OC,168.29,152800,60
430,CLG_1016,CRS_2121,BC,164.99,151000,60
431,CLG_1016,CRS_2121,MBC,154.88,142000,60
432,CLG_1016,CRS_2121,SC/ST,146.3,136500,60
433,CLG_1016,CRS_2124,OC,170.66,160500,30
434,CLG_1016,CRS_2124,BC,162.45,155800,30
435,CLG_1016,CRS_2124,MBC,152.61,148600,30
436,CLG_1016,CRS_2124,SC/ST,140.29,132200,30
437,CLG_1016,CRS_2173,OC,151.55,125100,60
438,CLG_1016,CRS_2173,BC,143.97,122100,60
439,CLG_1016,CRS_2173,MBC,135.5,118400,60
440,CLG_1016,CRS_2173,SC/ST,122.29,97000,60
441,CLG_1016,CRS_2204,OC,173.8,143700,90
442,CLG_1016,CRS_2204,BC,164.66,142300,90
443,CLG_1016,CRS_2204,MBC,158.2,136800,90
444,CLG_1016,CRS_2204,SC/ST,140.62,122300,90
445,CLG_1016,CRS_2063,OC,190.86,131500,90
446,CLG_1016,CRS_2063,BC,184.78,130300,90
447,CLG_1016,CRS_2063,MBC,174.59,124100,90
448,CLG_1016,CRS_2063,SC/ST,161.93,110900,90
449,CLG_1017,CRS_2065,OC,178.77,59700,60
450,CLG_1017,CRS_2065,BC,170.18,55900,60
451,CLG_1017,CRS_2065,MBC,158.34,45200,60
452,CLG_1017,CRS_2065,SC/ST,145.37,34100,60
453,CLG_1017,CRS_2134,OC,186.97,122800,60
454,CLG_1017,CRS_2134,BC,181.19,120300,60
455,CLG_1017,CRS_2134,MBC,169.91,108100,60
456,CLG_1017,CRS_2134,SC/ST,163.05,91200,60
457,CLG_1017,CRS_2077,OC,148.6,161000,120
458,CLG_1017,CRS_2077,BC,145.15,158600,120
459,CLG_1017,CRS_2077,MBC,137.95,154500,120
460,CLG_1017,CRS_2077,SC/ST,119.11,129400,120
461,CLG_1017,CRS_2171,OC,165.45,192100,30
462,CLG_1017,CRS_2171,BC,161.27,190500,30
463,CLG_1017,CRS_2171,MBC,150.69,179300,30
464,CLG_1017,CRS_2171,SC/ST,134.78,175100,30
465,CLG_1017,CRS_2026,OC,168.81,130000,30
466,CLG_1017,CRS_2026,BC,161.12,128000,30
467,CLG_1017,CRS_2026,MBC,151.74,117800,30
468,CLG_1017,CRS_2026,SC/ST,137.41,109800,30
469,CLG_1017,CRS_2179,OC,164.24,114100,120
470,CLG_1017,CRS_2179,BC,158.03,109200,120
471,CLG_1017,CRS_2179,MBC,151.11,103600,120
472,CLG_1017,CRS_2179,SC/ST,140.39,96000,120
473,CLG_1017,CRS_2071,OC,171.87,141300,90
474,CLG_1017,CRS_2071,BC,169.28,136300,90
475,CLG_1017,CRS_2071,MBC,155.74,130800,90
476,CLG_1017,CRS_2071,SC/ST,148.89,121700,90
477,CLG_1018,CRS_2082,OC,187.16,121300,120
478,CLG_1018,CRS_2082,BC,184.73,120600,120
479,CLG_1018,CRS_2082,MBC,174.71,110100,120
480,CLG_1018,CRS_2082,SC/ST,156.6,95500,120
481,CLG_1018,CRS_2053,OC,186.12,177900,30
482,CLG_1018,CRS_2053,BC,178.67,175000,30
483,CLG_1018,CRS_2053,MBC,171.5,167900,30
484,CLG_1018,CRS_2053,SC/ST,158.89,155900,30
485,CLG_1018,CRS_2133,OC,161.96,167400,60
486,CLG_1018,CRS_2133,BC,156.05,166800,60
487,CLG_1018,CRS_2133,MBC,148.9,160800,60
488,CLG_1018,CRS_2133,SC/ST,132.76,151200,60
489,CLG_1018,CRS_2113,OC,175.87,74300,120
490,CLG_1018,CRS_2113,BC,170.67,72900,120
491,CLG_1018,CRS_2113,MBC,161.18,68600,120
492,CLG_1018,CRS_2113,SC/ST,148.62,51500,120
493,CLG_1018,CRS_2199,OC,190.27,114600,120
494,CLG_1018,CRS_2199,BC,184.8,110800,120
495,CLG_1018,CRS_2199,MBC,174.11,106500,120
496,CLG_1018,CRS_2199,SC/ST,163.11,85200,120
497,CLG_1018,CRS_2041,OC,169.3,113800,120
498,CLG_1018,CRS_2041,BC,162.83,112500,120
499,CLG_1018,CRS_2041,MBC,151.69,98900,120
500,CLG_1018,CRS_2041,SC/ST,143.7,90600,120
501,CLG_1018,CRS_2190,OC,151.23,165900,90
502,CLG_1018,CRS_2190,BC,142.85,161700,90
503,CLG_1018,CRS_2190,MBC,133.09,156300,90
504,CLG_1018,CRS_2190,SC/ST,126.09,145700,90
505,CLG_1019,CRS_2006,OC,163.09,174500,60
506,CLG_1019,CRS_2006,BC,152.73,172700,60
507,CLG_1019,CRS_2006,MBC,143.19,163800,60
508,CLG_1019,CRS_2006,SC/ST,123.32,145900,60
509,CLG_1019,CRS_2176,OC,149.05,171500,90
510,CLG_1019,CRS_2176,BC,147.27,168500,90
511,CLG_1019,CRS_2176,MBC,136.27,161300,90
512,CLG_1019,CRS_2176,SC/ST,113.43,145600,90
513,CLG_1019,CRS_2186,OC,182.62,76000,30
514,CLG_1019,CRS_2186,BC,179.68,74900,30
515,CLG_1019,CRS_2186,MBC,166.82,63300,30
516,CLG_1019,CRS_2186,SC/ST,153.88,60800,30
517,CLG_1019,CRS_2073,OC,187.27,44900,90
518,CLG_1019,CRS_2073,BC,181.5,39900,90
519,CLG_1019,CRS_2073,MBC,173.12,38100,90
520,CLG_1019,CRS_2073,SC/ST,154.12,22100,90
521,CLG_1019,CRS_2162,OC,161.49,52500,60
522,CLG_1019,CRS_2162,BC,157.44,48700,60
523,CLG_1019,CRS_2162,MBC,148.24,39300,60
524,CLG_1019,CRS_2162,SC/ST,129.6,36900,60
525,CLG_1019,CRS_2002,OC,178.47,190700,60
526,CLG_1019,CRS_2002,BC,169.87,190700,60
527,CLG_1019,CRS_2002,MBC,160.36,181800,60
528,CLG_1019,CRS_2002,SC/ST,144.88,169600,60
529,CLG_1019,CRS_2007,OC,175.37,62400,90
530,CLG_1019,CRS_2007,BC,172.47,58200,90
531,CLG_1019,CRS_2007,MBC,160.96,49100,90
532,CLG_1019,CRS_2007,SC/ST,146.58,34600,90
533,CLG_1020,CRS_2175,OC,191.17,51400,120
534,CLG_1020,CRS_2175,BC,180.54,51200,120
535,CLG_1020,CRS_2175,MBC,172.51,45300,120
536,CLG_1020,CRS_2175,SC/ST,159.13,33000,120
537,CLG_1020,CRS_2187,OC,180.03,127100,60
538,CLG_1020,CRS_2187,BC,177.39,125700,60
539,CLG_1020,CRS_2187,MBC,165.57,114500,60
540,CLG_1020,CRS_2187,SC/ST,145.01,96400,60
541,CLG_1020,CRS_2081,OC,178.44,75300,30
542,CLG_1020,CRS_2081,BC,173.05,75000,30
543,CLG_1020,CRS_2081,MBC,161.96,69600,30
544,CLG_1020,CRS_2081,SC/ST,141.56,58900,30
545,CLG_1020,CRS_2146,OC,166.13,121200,120
546,CLG_1020,CRS_2146,BC,156.86,119200,120
547,CLG_1020,CRS_2146,MBC,149.02,113100,120
548,CLG_1020,CRS_2146,SC/ST,134.91,104700,120
549,CLG_1020,CRS_2075,OC,184.83,127000,90
550,CLG_1020,CRS_2075,BC,180.76,123700,90
551,CLG_1020,CRS_2075,MBC,170.24,115600,90
552,CLG_1020,CRS_2075,SC/ST,158.88,105800,90
553,CLG_1020,CRS_2072,OC,173.8,170400,90
554,CLG_1020,CRS_2072,BC,164.87,169700,90
555,CLG_1020,CRS_2072,MBC,153.69,164100,90
556,CLG_1020,CRS_2072,SC/ST,140.87,149500,90
557,CLG_1020,CRS_2029,OC,170.11,124200,30
558,CLG_1020,CRS_2029,BC,167.78,121600,30
559,CLG_1020,CRS_2029,MBC,157.32,112200,30
560,CLG_1020,CRS_2029,SC/ST,147.05,94600,30
561,CLG_1021,CRS_2149,OC,165.12,51100,90
562,CLG_1021,CRS_2149,BC,157.95,50600,90
563,CLG_1021,CRS_2149,MBC,150.44,39400,90
564,CLG_1021,CRS_2149,SC/ST,135.37,30800,90
565,CLG_1021,CRS_2170,OC,188.12,77400,120
566,CLG_1021,CRS_2170,BC,183.2,74400,120
567,CLG_1021,CRS_2170,MBC,176.06,63100,120
568,CLG_1021,CRS_2170,SC/ST,167.39,57400,120
569,CLG_1021,CRS_2020,OC,178.67,137200,90
570,CLG_1021,CRS_2020,BC,170.93,136100,90
571,CLG_1021,CRS_2020,MBC,162.91,125700,90
572,CLG_1021,CRS_2020,SC/ST,150.84,113100,90
573,CLG_1021,CRS_2028,OC,161.38,69700,30
574,CLG_1021,CRS_2028,BC,153.68,66500,30
575,CLG_1021,CRS_2028,MBC,141.66,62800,30
576,CLG_1021,CRS_2028,SC/ST,132.31,46200,30
577,CLG_1021,CRS_2059,OC,181.54,96200,90
578,CLG_1021,CRS_2059,BC,176.57,94600,90
579,CLG_1021,CRS_2059,MBC,166.07,90000,90
580,CLG_1021,CRS_2059,SC/ST,149.9,66600,90
581,CLG_1021,CRS_2151,OC,194.84,123700,90
582,CLG_1021,CRS_2151,BC,187.57,121400,90
583,CLG_1021,CRS_2151,MBC,175.42,116100,90
584,CLG_1021,CRS_2151,SC/ST,159.2,103000,90
585,CLG_1021,CRS_2164,OC,181.57,173300,60
586,CLG_1021,CRS_2164,BC,176.7,172200,60
587,CLG_1021,CRS_2164,MBC,169.53,160200,60
588,CLG_1021,CRS_2164,SC/ST,160.32,146200,60
589,CLG_1022,CRS_2206,OC,170.32,184600,60
590,CLG_1022,CRS_2206,BC,161.46,182000,60
591,CLG_1022,CRS_2206,MBC,154.04,171700,60
592,CLG_1022,CRS_2206,SC/ST,138.15,156100,60
593,CLG_1022,CRS_2213,OC,188.86,59300,60
594,CLG_1022,CRS_2213,BC,180.2,55600,60
595,CLG_1022,CRS_2213,MBC,169.72,45800,60
596,CLG_1022,CRS_2213,SC/ST,156.88,38300,60
597,CLG_1022,CRS_2129,OC,183.07,73800,120
598,CLG_1022,CRS_2129,BC,178.8,72800,120
599,CLG_1022,CRS_2129,MBC,166.96,63800,120
600,CLG_1022,CRS_2129,SC/ST,157.08,48200,120
601,CLG_1022,CRS_2203,OC,193.7,99100,90
602,CLG_1022,CRS_2203,BC,184.61,96700,90
603,CLG_1022,CRS_2203,MBC,172.83,90000,90
604,CLG_1022,CRS_2203,SC/ST,164.12,75100,90
605,CLG_1022,CRS_2192,OC,154.15,119300,30
606,CLG_1022,CRS_2192,BC,146.46,114600,30
607,CLG_1022,CRS_2192,MBC,139.86,104400,30
608,CLG_1022,CRS_2192,SC/ST,125.57,103000,30
609,CLG_1022,CRS_2115,OC,182.45,47400,30
610,CLG_1022,CRS_2115,BC,180.28,42700,30
611,CLG_1022,CRS_2115,MBC,170.81,38900,30
612,CLG_1022,CRS_2115,SC/ST,150.63,20000,30
613,CLG_1022,CRS_2017,OC,179.04,47900,120
614,CLG_1022,CRS_2017,BC,170.49,45400,120
615,CLG_1022,CRS_2017,MBC,160.4,36200,120
616,CLG_1022,CRS_2017,SC/ST,148.35,30500,120
617,CLG_1023,CRS_2126,OC,178.9,81400,120
618,CLG_1023,CRS_2126,BC,173.26,78600,120
619,CLG_1023,CRS_2126,MBC,162.95,71300,120
620,CLG_1023,CRS_2126,SC/ST,143.07,55900,120
621,CLG_1023,CRS_2090,OC,178.95,130500,120
622,CLG_1023,CRS_2090,BC,174.85,125900,120
623,CLG_1023,CRS_2090,MBC,167.51,121500,120
624,CLG_1023,CRS_2090,SC/ST,151.04,106700,120
625,CLG_1023,CRS_2196,OC,165.59,76900,30
626,CLG_1023,CRS_2196,BC,164.86,73500,30
627,CLG_1023,CRS_2196,MBC,153.99,69300,30
628,CLG_1023,CRS_2196,SC/ST,133.03,51600,30
629,CLG_1023,CRS_2035,OC,160.51,81700,120
630,CLG_1023,CRS_2035,BC,150.83,79200,120
631,CLG_1023,CRS_2035,MBC,141.06,75200,120
632,CLG_1023,CRS_2035,SC/ST,119.36,50200,120
633,CLG_1023,CRS_2018,OC,169.66,103100,60
634,CLG_1023,CRS_2018,BC,160.81,100800,60
635,CLG_1023,CRS_2018,MBC,153.1,90300,60
636,CLG_1023,CRS_2018,SC/ST,141.29,87800,60
637,CLG_1023,CRS_2057,OC,189.3,152900,60
638,CLG_1023,CRS_2057,BC,181.69,149600,60
639,CLG_1023,CRS_2057,MBC,171.29,141400,60
640,CLG_1023,CRS_2057,SC/ST,162.36,131500,60
641,CLG_1023,CRS_2087,OC,164.02,115600,30
642,CLG_1023,CRS_2087,BC,158.52,111100,30
643,CLG_1023,CRS_2087,MBC,149.91,108700,30
644,CLG_1023,CRS_2087,SC/ST,139.38,97400,30
645,CLG_1024,CRS_2158,OC,168.01,128800,90
646,CLG_1024,CRS_2158,BC,158.7,124700,90
647,CLG_1024,CRS_2158,MBC,150.72,123200,90
648,CLG_1024,CRS_2158,SC/ST,142.05,109300,90
649,CLG_1024,CRS_2080,OC,178.15,164100,120
650,CLG_1024,CRS_2080,BC,176.49,163000,120
651,CLG_1024,CRS_2080,MBC,165.47,153900,120
652,CLG_1024,CRS_2080,SC/ST,154.67,139300,120
653,CLG_1024,CRS_2154,OC,176.68,172900,120
654,CLG_1024,CRS_2154,BC,168.19,172800,120
655,CLG_1024,CRS_2154,MBC,159.88,166100,120
656,CLG_1024,CRS_2154,SC/ST,137.02,147900,120
657,CLG_1024,CRS_2052,OC,182.71,46900,120
658,CLG_1024,CRS_2052,BC,179.07,42200,120
659,CLG_1024,CRS_2052,MBC,167.97,41100,120
660,CLG_1024,CRS_2052,SC/ST,152.1,26300,120
661,CLG_1024,CRS_2050,OC,174.34,139600,60
662,CLG_1024,CRS_2050,BC,164.78,134900,60
663,CLG_1024,CRS_2050,MBC,153.85,132800,60
664,CLG_1024,CRS_2050,SC/ST,145.73,110200,60
665,CLG_1024,CRS_2108,OC,163.95,79600,120
666,CLG_1024,CRS_2108,BC,156.13,75800,120
667,CLG_1024,CRS_2108,MBC,144.75,73600,120
668,CLG_1024,CRS_2108,SC/ST,128.53,47700,120
669,CLG_1024,CRS_2006,OC,158.01,125200,120
670,CLG_1024,CRS_2006,BC,150.87,123700,120
671,CLG_1024,CRS_2006,MBC,142.03,111400,120
672,CLG_1024,CRS_2006,SC/ST,129.2,98600,120
673,CLG_1025,CRS_2114,OC,176.76,109300,120
674,CLG_1025,CRS_2114,BC,171.62,104700,120
675,CLG_1025,CRS_2114,MBC,163.92,99400,120
676,CLG_1025,CRS_2114,SC/ST,143.85,87500,120
677,CLG_1025,CRS_2160,OC,179.42,168100,90
678,CLG_1025,CRS_2160,BC,173.81,165900,90
679,CLG_1025,CRS_2160,MBC,164.62,153700,90
680,CLG_1025,CRS_2160,SC/ST,145.91,140700,90
681,CLG_1025,CRS_2112,OC,191.99,143400,90
682,CLG_1025,CRS_2112,BC,184.25,141000,90
683,CLG_1025,CRS_2112,MBC,175.1,137100,90
684,CLG_1025,CRS_2112,SC/ST,160.11,113900,90
685,CLG_1025,CRS_2183,OC,175.93,165500,60
686,CLG_1025,CRS_2183,BC,172.16,160900,60
687,CLG_1025,CRS_2183,MBC,161.04,158300,60
688,CLG_1025,CRS_2183,SC/ST,152.88,142700,60
689,CLG_1025,CRS_2148,OC,160.38,179200,60
690,CLG_1025,CRS_2148,BC,151.17,175800,60
691,CLG_1025,CRS_2148,MBC,144.26,166400,60
692,CLG_1025,CRS_2148,SC/ST,134.4,159700,60
693,CLG_1025,CRS_2207,OC,148.08,184200,60
694,CLG_1025,CRS_2207,BC,144.81,180300,60
695,CLG_1025,CRS_2207,MBC,132.85,176000,60
696,CLG_1025,CRS_2207,SC/ST,113.89,159800,60
697,CLG_1025,CRS_2151,OC,164.02,55500,30
698,CLG_1025,CRS_2151,BC,155.59,55200,30
699,CLG_1025,CRS_2151,MBC,144.89,47600,30
700,CLG_1025,CRS_2151,SC/ST,133.18,34700,30
701,CLG_1026,CRS_2111,OC,192.54,49500,120
702,CLG_1026,CRS_2111,BC,182.94,47100,120
703,CLG_1026,CRS_2111,MBC,172.64,44300,120
704,CLG_1026,CRS_2111,SC/ST,162.55,31000,120
705,CLG_1026,CRS_2017,OC,189.96,127800,90
706,CLG_1026,CRS_2017,BC,184.92,123500,90
707,CLG_1026,CRS_2017,MBC,174.31,120600,90
708,CLG_1026,CRS_2017,SC/ST,154.01,97400,90
709,CLG_1026,CRS_2066,OC,158.42,69500,90
710,CLG_1026,CRS_2066,BC,154.53,67400,90
711,CLG_1026,CRS_2066,MBC,143.68,64200,90
712,CLG_1026,CRS_2066,SC/ST,126.23,44800,90
713,CLG_1026,CRS_2104,OC,174.83,90600,60
714,CLG_1026,CRS_2104,BC,168.68,87300,60
715,CLG_1026,CRS_2104,MBC,156.42,77100,60
716,CLG_1026,CRS_2104,SC/ST,145.63,62500,60
717,CLG_1026,CRS_2093,OC,178.46,88400,60
718,CLG_1026,CRS_2093,BC,174.7,88300,60
719,CLG_1026,CRS_2093,MBC,163.81,79500,60
720,CLG_1026,CRS_2093,SC/ST,148.42,64600,60
721,CLG_1026,CRS_2180,OC,189.76,119100,30
722,CLG_1026,CRS_2180,BC,184.69,117200,30
723,CLG_1026,CRS_2180,MBC,177.62,112200,30
724,CLG_1026,CRS_2180,SC/ST,160.95,98900,30
725,CLG_1026,CRS_2142,OC,168.08,171700,90
726,CLG_1026,CRS_2142,BC,161.37,169300,90
727,CLG_1026,CRS_2142,MBC,151.41,163100,90
728,CLG_1026,CRS_2142,SC/ST,139.96,152300,90
729,CLG_1027,CRS_2212,OC,169.43,159200,90
730,CLG_1027,CRS_2212,BC,164.21,155400,90
731,CLG_1027,CRS_2212,MBC,152.73,150600,90
732,CLG_1027,CRS_2212,SC/ST,135.09,141500,90
733,CLG_1027,CRS_2136,OC,169.19,178400,90
734,CLG_1027,CRS_2136,BC,166.41,177900,90
735,CLG_1027,CRS_2136,MBC,154.5,165100,90
736,CLG_1027,CRS_2136,SC/ST,145.62,158500,90
737,CLG_1027,CRS_2127,OC,153.22,176400,120
738,CLG_1027,CRS_2127,BC,148.41,171600,120
739,CLG_1027,CRS_2127,MBC,139.96,163000,120
740,CLG_1027,CRS_2127,SC/ST,125.72,159500,120
741,CLG_1027,CRS_2005,OC,168.6,174500,120
742,CLG_1027,CRS_2005,BC,160.69,170700,120
743,CLG_1027,CRS_2005,MBC,152.04,164400,120
744,CLG_1027,CRS_2005,SC/ST,134.56,146500,120
745,CLG_1027,CRS_2159,OC,160.5,40700,60
746,CLG_1027,CRS_2159,BC,151.67,37900,60
747,CLG_1027,CRS_2159,MBC,142.95,26900,60
748,CLG_1027,CRS_2159,SC/ST,121.54,23500,60
749,CLG_1027,CRS_2167,OC,191.39,163700,30
750,CLG_1027,CRS_2167,BC,185.26,162600,30
751,CLG_1027,CRS_2167,MBC,175.55,151800,30
752,CLG_1027,CRS_2167,SC/ST,163.76,136200,30
753,CLG_1027,CRS_2059,OC,165.75,138900,120
754,CLG_1027,CRS_2059,BC,164.91,134500,120
755,CLG_1027,CRS_2059,MBC,154.52,128200,120
756,CLG_1027,CRS_2059,SC/ST,143.4,111000,120
757,CLG_1028,CRS_2031,OC,174.09,98300,30
758,CLG_1028,CRS_2031,BC,168.59,94500,30
759,CLG_1028,CRS_2031,MBC,155.43,84400,30
760,CLG_1028,CRS_2031,SC/ST,142.44,70900,30
761,CLG_1028,CRS_2131,OC,184.47,104800,120
762,CLG_1028,CRS_2131,BC,178.4,103900,120
763,CLG_1028,CRS_2131,MBC,171.89,93000,120
764,CLG_1028,CRS_2131,SC/ST,152.83,89300,120
765,CLG_1028,CRS_2218,OC,159.99,57600,30
766,CLG_1028,CRS_2218,BC,153.02,57200,30
767,CLG_1028,CRS_2218,MBC,144.61,51900,30
768,CLG_1028,CRS_2218,SC/ST,129.8,34900,30
769,CLG_1028,CRS_2106,OC,172.82,54700,60
770,CLG_1028,CRS_2106,BC,165.71,50000,60
771,CLG_1028,CRS_2106,MBC,157.69,40000,60
772,CLG_1028,CRS_2106,SC/ST,137.7,29200,60
773,CLG_1028,CRS_2076,OC,158.56,77500,60
774,CLG_1028,CRS_2076,BC,152.01,72900,60
775,CLG_1028,CRS_2076,MBC,140.92,69600,60
776,CLG_1028,CRS_2076,SC/ST,126.27,48500,60
777,CLG_1028,CRS_2184,OC,176.6,52200,90
778,CLG_1028,CRS_2184,BC,168.3,47900,90
779,CLG_1028,CRS_2184,MBC,158.42,40400,90
780,CLG_1028,CRS_2184,SC/ST,143.89,27400,90
781,CLG_1028,CRS_2151,OC,163.63,181000,120
782,CLG_1028,CRS_2151,BC,158.04,179800,120
783,CLG_1028,CRS_2151,MBC,147.91,175000,120
784,CLG_1028,CRS_2151,SC/ST,133.5,152300,120
785,CLG_1029,CRS_2003,OC,171.78,75100,120
786,CLG_1029,CRS_2003,BC,166.07,74500,120
787,CLG_1029,CRS_2003,MBC,155.47,64000,120
788,CLG_1029,CRS_2003,SC/ST,148.69,53900,120
789,CLG_1029,CRS_2143,OC,153.43,138800,30
790,CLG_1029,CRS_2143,BC,143.24,134000,30
791,CLG_1029,CRS_2143,MBC,133.7,124700,30
792,CLG_1029,CRS_2143,SC/ST,124.06,117000,30
793,CLG_1029,CRS_2047,OC,190.83,127200,90
794,CLG_1029,CRS_2047,BC,179.2,125700,90
795,CLG_1029,CRS_2047,MBC,169.32,120300,90
796,CLG_1029,CRS_2047,SC/ST,152.92,96500,90
797,CLG_1029,CRS_2153,OC,188.93,198400,60
798,CLG_1029,CRS_2153,BC,182.32,195800,60
799,CLG_1029,CRS_2153,MBC,172.27,187200,60
800,CLG_1029,CRS_2153,SC/ST,159.16,171600,60
801,CLG_1029,CRS_2142,OC,162.14,134200,120
802,CLG_1029,CRS_2142,BC,157.81,130400,120
803,CLG_1029,CRS_2142,MBC,145.07,124000,120
804,CLG_1029,CRS_2142,SC/ST,125.16,107100,120
805,CLG_1029,CRS_2051,OC,164.27,51900,60
806,CLG_1029,CRS_2051,BC,154.16,47400,60
807,CLG_1029,CRS_2051,MBC,144.41,37400,60
808,CLG_1029,CRS_2051,SC/ST,128.28,27300,60
809,CLG_1029,CRS_2057,OC,154.52,126400,60
810,CLG_1029,CRS_2057,BC,150.94,122300,60
811,CLG_1029,CRS_2057,MBC,139.11,115900,60
812,CLG_1029,CRS_2057,SC/ST,128,95400,60
813,CLG_1030,CRS_2211,OC,189.67,168600,120
814,CLG_1030,CRS_2211,BC,187.39,167200,120
815,CLG_1030,CRS_2211,MBC,177.79,154600,120
816,CLG_1030,CRS_2211,SC/ST,161.17,151600,120
817,CLG_1030,CRS_2062,OC,173.93,59400,30
818,CLG_1030,CRS_2062,BC,165.6,57500,30
819,CLG_1030,CRS_2062,MBC,158.24,52000,30
820,CLG_1030,CRS_2062,SC/ST,148.44,27900,30
821,CLG_1030,CRS_2123,OC,170.14,55800,120
822,CLG_1030,CRS_2123,BC,160.6,51400,120
823,CLG_1030,CRS_2123,MBC,152.76,50600,120
824,CLG_1030,CRS_2123,SC/ST,145.27,31800,120
825,CLG_1030,CRS_2015,OC,172.62,115100,30
826,CLG_1030,CRS_2015,BC,167.53,111600,30
827,CLG_1030,CRS_2015,MBC,155.08,107200,30
828,CLG_1030,CRS_2015,SC/ST,147.5,96900,30
829,CLG_1030,CRS_2021,OC,172.94,103100,60
830,CLG_1030,CRS_2021,BC,164.83,100200,60
831,CLG_1030,CRS_2021,MBC,157.26,91600,60
832,CLG_1030,CRS_2021,SC/ST,147.41,74800,60
833,CLG_1030,CRS_2144,OC,167.75,103700,60
834,CLG_1030,CRS_2144,BC,164.71,103000,60
835,CLG_1030,CRS_2144,MBC,152.39,98200,60
836,CLG_1030,CRS_2144,SC/ST,144.25,76300,60
837,CLG_1030,CRS_2002,OC,166.43,164700,30
838,CLG_1030,CRS_2002,BC,160.42,164100,30
839,CLG_1030,CRS_2002,MBC,149.47,152600,30
840,CLG_1030,CRS_2002,SC/ST,132.3,138900,30
841,CLG_1031,CRS_2145,OC,172.07,64900,30
842,CLG_1031,CRS_2145,BC,169.88,60300,30
843,CLG_1031,CRS_2145,MBC,158.09,59200,30
844,CLG_1031,CRS_2145,SC/ST,136.6,40800,30
845,CLG_1031,CRS_2001,OC,186.72,187700,30
846,CLG_1031,CRS_2001,BC,184.64,187500,30
847,CLG_1031,CRS_2001,MBC,170.66,173100,30
848,CLG_1031,CRS_2001,SC/ST,163.31,159600,30
849,CLG_1031,CRS_2099,OC,190.75,118400,60
850,CLG_1031,CRS_2099,BC,184.58,115200,60
851,CLG_1031,CRS_2099,MBC,173.41,104500,60
852,CLG_1031,CRS_2099,SC/ST,161.82,98800,60
853,CLG_1031,CRS_2084,OC,180.95,60500,90
854,CLG_1031,CRS_2084,BC,177.71,59900,90
855,CLG_1031,CRS_2084,MBC,168.87,45800,90
856,CLG_1031,CRS_2084,SC/ST,154.62,34800,90
857,CLG_1031,CRS_2097,OC,149.77,111600,120
858,CLG_1031,CRS_2097,BC,143.08,108500,120
859,CLG_1031,CRS_2097,MBC,134.17,97000,120
860,CLG_1031,CRS_2097,SC/ST,116.42,93800,120
861,CLG_1031,CRS_2217,OC,184.74,117400,60
862,CLG_1031,CRS_2217,BC,175.15,116100,60
863,CLG_1031,CRS_2217,MBC,167.85,109900,60
864,CLG_1031,CRS_2217,SC/ST,148.65,92000,60
865,CLG_1031,CRS_2019,OC,167.83,63900,30
866,CLG_1031,CRS_2019,BC,158.41,61700,30
867,CLG_1031,CRS_2019,MBC,150.72,57500,30
868,CLG_1031,CRS_2019,SC/ST,138.42,34200,30
869,CLG_1032,CRS_2043,OC,170.79,174300,120
870,CLG_1032,CRS_2043,BC,165.5,169700,120
871,CLG_1032,CRS_2043,MBC,159.6,159500,120
872,CLG_1032,CRS_2043,SC/ST,138.3,146700,120
873,CLG_1032,CRS_2181,OC,151.01,148400,120
874,CLG_1032,CRS_2181,BC,144.11,143800,120
875,CLG_1032,CRS_2181,MBC,131.03,139500,120
876,CLG_1032,CRS_2181,SC/ST,116.98,127900,120
877,CLG_1032,CRS_2055,OC,177.72,84400,60
878,CLG_1032,CRS_2055,BC,172.15,83200,60
879,CLG_1032,CRS_2055,MBC,165.52,72300,60
880,CLG_1032,CRS_2055,SC/ST,151.7,59600,60
881,CLG_1032,CRS_2188,OC,168.55,60100,90
882,CLG_1032,CRS_2188,BC,163,56100,90
883,CLG_1032,CRS_2188,MBC,153.82,51900,90
884,CLG_1032,CRS_2188,SC/ST,139.92,40700,90
885,CLG_1032,CRS_2032,OC,164.6,143700,90
886,CLG_1032,CRS_2032,BC,155.57,141000,90
887,CLG_1032,CRS_2032,MBC,146.51,131600,90
888,CLG_1032,CRS_2032,SC/ST,126.48,124200,90
889,CLG_1032,CRS_2155,OC,161.87,198100,60
890,CLG_1032,CRS_2155,BC,154.39,194800,60
891,CLG_1032,CRS_2155,MBC,143.68,188300,60
892,CLG_1032,CRS_2155,SC/ST,127.5,167000,60
893,CLG_1032,CRS_2182,OC,191.18,103500,90
894,CLG_1032,CRS_2182,BC,187.55,100300,90
895,CLG_1032,CRS_2182,MBC,176.72,89300,90
896,CLG_1032,CRS_2182,SC/ST,165.55,82600,90
897,CLG_1033,CRS_2004,OC,182.35,184200,30
898,CLG_1033,CRS_2004,BC,172.94,182400,30
899,CLG_1033,CRS_2004,MBC,163.48,174400,30
900,CLG_1033,CRS_2004,SC/ST,143.21,166900,30
901,CLG_1033,CRS_2085,OC,182.83,147200,120
902,CLG_1033,CRS_2085,BC,178.34,145100,120
903,CLG_1033,CRS_2085,MBC,168.56,135300,120
904,CLG_1033,CRS_2085,SC/ST,150.02,129800,120
905,CLG_1033,CRS_2205,OC,169.28,196700,120
906,CLG_1033,CRS_2205,BC,162.83,193300,120
907,CLG_1033,CRS_2205,MBC,152.49,185800,120
908,CLG_1033,CRS_2205,SC/ST,134.68,178900,120
909,CLG_1033,CRS_2070,OC,151.09,105000,90
910,CLG_1033,CRS_2070,BC,147.92,100400,90
911,CLG_1033,CRS_2070,MBC,135,93500,90
912,CLG_1033,CRS_2070,SC/ST,115.42,79200,90
913,CLG_1033,CRS_2138,OC,188.53,152800,30
914,CLG_1033,CRS_2138,BC,184.73,148600,30
915,CLG_1033,CRS_2138,MBC,174.72,138600,30
916,CLG_1033,CRS_2138,SC/ST,159.75,130500,30
917,CLG_1033,CRS_2130,OC,170.47,142500,120
918,CLG_1033,CRS_2130,BC,162.94,138400,120
919,CLG_1033,CRS_2130,MBC,154.31,137100,120
920,CLG_1033,CRS_2130,SC/ST,137.82,117800,120
921,CLG_1033,CRS_2162,OC,169.54,62500,30
922,CLG_1033,CRS_2162,BC,162.3,59600,30
923,CLG_1033,CRS_2162,MBC,152.16,50000,30
924,CLG_1033,CRS_2162,SC/ST,131.95,31600,30
